"AlmaLinux OS","10.2.20260914.0","af-south-1","ami-05771bf7db04605cf","x86_64"
"AlmaLinux OS","10.2.20260914.0","af-south-1","ami-034bfbab38e61d1ad","aarch64"
"AlmaLinux OS","10.2.20260914.0","ap-east-1","ami-040a13dfe40734a36","x86_64"
"AlmaLinux OS","10.2.20260914.0","ap-east-1","ami-067f749d33c5d75bf","aarch64"
"AlmaLinux OS","10.2.20260914.0","ap-northeast-1","ami-0a2892a4e8c284828","x86_64"
"AlmaLinux OS","10.2.20260914.0","ap-northeast-1","ami-0a290aa1043c3972a","aarch64"
"AlmaLinux OS","10.2.20260914.0","ap-northeast-2","ami-0507643d8c269663a","x86_64"
"AlmaLinux OS","10.2.20260914.0","ap-northeast-2","ami-057f499b60bf26420","aarch64"
"AlmaLinux OS","10.2.20260914.0","ap-northeast-3","ami-072877d44d20ee53e","x86_64"
"AlmaLinux OS","10.2.20260914.0","ap-northeast-3","ami-090b58f4496de6374","aarch64"
"AlmaLinux OS","10.2.20260914.0","ap-south-1","ami-0185fb7c8e3e873a1","x86_64"
"AlmaLinux OS","10.2.20260914.0","ap-south-1","ami-092fafb4160dc9e22","aarch64"
"AlmaLinux OS","10.2.20260914.0","ap-south-2","ami-0f2a7a711e9a21584","x86_64"
"AlmaLinux OS","10.2.20260914.0","ap-south-2","ami-03f24a97d17a164c1","aarch64"
"AlmaLinux OS","10.2.20260914.0","ap-southeast-1","ami-0c71e5e0550dc02c5","x86_64"
"AlmaLinux OS","10.2.20260914.0","ap-southeast-1","ami-0e86e8fdd82e54606","aarch64"
"AlmaLinux OS","10.2.20260914.0","ap-southeast-2","ami-03af38acaf02c7142","x86_64"
"AlmaLinux OS","10.2.20260914.0","ap-southeast-2","ami-05c2aa04f8a9cf5d5","aarch64"
"AlmaLinux OS","10.2.20260914.0","ap-southeast-3","ami-0feecf23a465f00e0","x86_64"
"AlmaLinux OS","10.2.20260914.0","ap-southeast-3","ami-0b68a4481cd4f63c1","aarch64"
"AlmaLinux OS","10.2.20260914.0","ap-southeast-4","ami-076fc2614a829fc24","x86_64"
"AlmaLinux OS","10.2.20260914.0","ap-southeast-4","ami-04ea2f160a59b0b82","aarch64"
"AlmaLinux OS","10.2.20260914.0","ap-southeast-5","ami-047151da53f699cf6","x86_64"
"AlmaLinux OS","10.2.20260914.0","ap-southeast-5","ami-0f844fc973b690237","aarch64"
"AlmaLinux OS","10.2.20260914.0","ap-southeast-7","ami-004bd1ee82184943b","x86_64"
"AlmaLinux OS","10.2.20260914.0","ap-southeast-7","ami-0ff44a232da804d71","aarch64"
"AlmaLinux OS","10.2.20260914.0","ca-central-1","ami-0e7adab6fa2ca707e","x86_64"
"AlmaLinux OS","10.2.20260914.0","ca-central-1","ami-02376be0c3d28c49c","aarch64"
"AlmaLinux OS","10.2.20260914.0","ca-west-1","ami-0449f321dc709c4fe","x86_64"
"AlmaLinux OS","10.2.20260914.0","ca-west-1","ami-08d32320c83244185","aarch64"
"AlmaLinux OS","10.2.20260914.0","eu-central-1","ami-0c3c4bc355aee20da","x86_64"
"AlmaLinux OS","10.2.20260914.0","eu-central-1","ami-0339249036130407d","aarch64"
"AlmaLinux OS","10.2.20260914.0","eu-central-2","ami-00e5a0a267b9ca4ef","x86_64"
"AlmaLinux OS","10.2.20260914.0","eu-central-2","ami-050d329637627a17c","aarch64"
"AlmaLinux OS","10.2.20260914.0","eu-north-1","ami-0befd81fb2a0e5bef","x86_64"
"AlmaLinux OS","10.2.20260914.0","eu-north-1","ami-0f2977996ab22aafd","aarch64"
"AlmaLinux OS","10.2.20260914.0","eu-south-1","ami-0dea1476c6aa573e3","x86_64"
"AlmaLinux OS","10.2.20260914.0","eu-south-1","ami-08bccd6a8eca54fdd","aarch64"
"AlmaLinux OS","10.2.20260914.0","eu-south-2","ami-0c3d713048e1c356a","x86_64"
"AlmaLinux OS","10.2.20260914.0","eu-south-2","ami-0d9ffb8a1759e9291","aarch64"
"AlmaLinux OS","10.2.20260914.0","eu-west-1","ami-0feee011083f27927","x86_64"
"AlmaLinux OS","10.2.20260914.0","eu-west-1","ami-0a24b02fe75fe8fc9","aarch64"
"AlmaLinux OS","10.2.20260914.0","eu-west-2","ami-038c5d9fe92b2dfd7","x86_64"
"AlmaLinux OS","10.2.20260914.0","eu-west-2","ami-0fff56aa83f0f2791","aarch64"
"AlmaLinux OS","10.2.20260914.0","eu-west-3","ami-0deef1fb651ecd5dc","x86_64"
"AlmaLinux OS","10.2.20260914.0","eu-west-3","ami-0063025cf0ad2050c","aarch64"
"AlmaLinux OS","10.2.20260914.0","il-central-1","ami-0ea2939d8d4f2f373","x86_64"
"AlmaLinux OS","10.2.20260914.0","il-central-1","ami-004aad9e7888b9a88","aarch64"
"AlmaLinux OS","10.2.20260914.0","me-central-1","ami-0d0834065408bc658","x86_64"
"AlmaLinux OS","10.2.20260914.0","me-central-1","ami-0179d6c972c02e6ae","aarch64"
"AlmaLinux OS","10.2.20260914.0","mx-central-1","ami-0d2279330614ae035","x86_64"
"AlmaLinux OS","10.2.20260914.0","mx-central-1","ami-0aaafc5f2e7e892ca","aarch64"
"AlmaLinux OS","10.2.20260914.0","sa-east-1","ami-01d00476f4148e4de","x86_64"
"AlmaLinux OS","10.2.20260914.0","sa-east-1","ami-05e2b3f34906f6ec8","aarch64"
"AlmaLinux OS","10.2.20260914.0","us-east-1","ami-068746a211146d852","x86_64"
"AlmaLinux OS","10.2.20260914.0","us-east-1","ami-0b45d3491fe5e3a85","aarch64"
"AlmaLinux OS","10.2.20260914.0","us-east-2","ami-0426928e75e7093d4","x86_64"
"AlmaLinux OS","10.2.20260914.0","us-east-2","ami-0fac5a089a0e9779b","aarch64"
"AlmaLinux OS","10.2.20260914.0","us-west-1","ami-0927f1f09581e5fb9","x86_64"
"AlmaLinux OS","10.2.20260914.0","us-west-1","ami-0b5cf1f613eab2f46","aarch64"
"AlmaLinux OS","10.2.20260914.0","us-west-2","ami-0c8af65a39ad5c1d0","x86_64"
"AlmaLinux OS","10.2.20260914.0","us-west-2","ami-0359db4e222ac2a22","aarch64"
"AlmaLinux OS","9.8.20260907","af-south-1","ami-0997e6ba587239519","x86_64"
"AlmaLinux OS","9.8.20260907","af-south-1","ami-05ae636f245318e6e","aarch64"
"AlmaLinux OS","9.8.20260907","ap-east-1","ami-07a384f0a02590f02","x86_64"
"AlmaLinux OS","9.8.20260907","ap-east-1","ami-02e28e925a6e3e470","aarch64"
"AlmaLinux OS","9.8.20260907","ap-northeast-1","ami-0bbb72d17f6df164b","x86_64"
"AlmaLinux OS","9.8.20260907","ap-northeast-1","ami-097912fd229ea791c","aarch64"
"AlmaLinux OS","9.8.20260907","ap-northeast-2","ami-0ec7e973b0780aa71","x86_64"
"AlmaLinux OS","9.8.20260907","ap-northeast-2","ami-06f80c26e57ed7d3b","aarch64"
"AlmaLinux OS","9.8.20260907","ap-northeast-3","ami-0feada7ecf2df403d","x86_64"
"AlmaLinux OS","9.8.20260907","ap-northeast-3","ami-009dc8875f4230fa0","aarch64"
"AlmaLinux OS","9.8.20260907","ap-south-1","ami-0fc43cd445c5288f8","x86_64"
"AlmaLinux OS","9.8.20260907","ap-south-1","ami-0c5af3852ade8c92a","aarch64"
"AlmaLinux OS","9.8.20260907","ap-south-2","ami-0a7b0550f1a0c54c3","x86_64"
"AlmaLinux OS","9.8.20260907","ap-south-2","ami-0764ea31fea602be4","aarch64"
"AlmaLinux OS","9.8.20260907","ap-southeast-1","ami-0878c2c1177f31956","x86_64"
"AlmaLinux OS","9.8.20260907","ap-southeast-1","ami-0930a850d6fc5d837","aarch64"
"AlmaLinux OS","9.8.20260907","ap-southeast-2","ami-09a241f572602576f","x86_64"
"AlmaLinux OS","9.8.20260907","ap-southeast-2","ami-0a03e97dd087c4cfb","aarch64"
"AlmaLinux OS","9.8.20260907","ap-southeast-3","ami-068e698c687fee6f0","x86_64"
"AlmaLinux OS","9.8.20260907","ap-southeast-3","ami-0ab3622dd3b1c96c6","aarch64"
"AlmaLinux OS","9.8.20260907","ap-southeast-4","ami-0f274e9bc4d14183d","x86_64"
"AlmaLinux OS","9.8.20260907","ap-southeast-4","ami-07f3f0b1dbf2e7b34","aarch64"
"AlmaLinux OS","9.8.20260907","ap-southeast-5","ami-0aa200c71553a181e","x86_64"
"AlmaLinux OS","9.8.20260907","ap-southeast-5","ami-0d7db376f78365af0","aarch64"
"AlmaLinux OS","9.8.20260907","ap-southeast-7","ami-08b787ecf5f29bb70","x86_64"
"AlmaLinux OS","9.8.20260907","ap-southeast-7","ami-0ac9b8bd52ec50e83","aarch64"
"AlmaLinux OS","9.8.20260907","ca-central-1","ami-0df54cff1c6b85dab","x86_64"
"AlmaLinux OS","9.8.20260907","ca-central-1","ami-072ae8422e98f13e4","aarch64"
"AlmaLinux OS","9.8.20260907","ca-west-1","ami-086aa72d3b9da8378","x86_64"
"AlmaLinux OS","9.8.20260907","ca-west-1","ami-0fe1633d4ce3f7237","aarch64"
"AlmaLinux OS","9.8.20260907","eu-central-1","ami-0573b8efaf1a46399","x86_64"
"AlmaLinux OS","9.8.20260907","eu-central-1","ami-0e7529170b920c0b6","aarch64"
"AlmaLinux OS","9.8.20260907","eu-central-2","ami-046537f2e06aa4cf5","x86_64"
"AlmaLinux OS","9.8.20260907","eu-central-2","ami-0d572fd44f1b6980d","aarch64"
"AlmaLinux OS","9.8.20260907","eu-north-1","ami-04466da6b8e46e589","x86_64"
"AlmaLinux OS","9.8.20260907","eu-north-1","ami-06ad0f740a07ce5aa","aarch64"
"AlmaLinux OS","9.8.20260907","eu-south-1","ami-0a54c5475aac1fea3","x86_64"
"AlmaLinux OS","9.8.20260907","eu-south-1","ami-08383f9a2c00b3340","aarch64"
"AlmaLinux OS","9.8.20260907","eu-south-2","ami-01878e2b2bcba6d87","x86_64"
"AlmaLinux OS","9.8.20260907","eu-south-2","ami-0c65015915424be14","aarch64"
"AlmaLinux OS","9.8.20260907","eu-west-1","ami-0d1f17cab574c51e7","x86_64"
"AlmaLinux OS","9.8.20260907","eu-west-1","ami-05cdbc23fdc06ce56","aarch64"
"AlmaLinux OS","9.8.20260907","eu-west-2","ami-0b9f243ec99bfba0e","x86_64"
"AlmaLinux OS","9.8.20260907","eu-west-2","ami-0680be56fe8f85598","aarch64"
"AlmaLinux OS","9.8.20260907","eu-west-3","ami-05c609bba3c381a22","x86_64"
"AlmaLinux OS","9.8.20260907","eu-west-3","ami-0e4a7be419cc074be","aarch64"
"AlmaLinux OS","9.8.20260907","il-central-1","ami-0804a5f0f38fc538c","x86_64"
"AlmaLinux OS","9.8.20260907","il-central-1","ami-04023e624bcdbb801","aarch64"
"AlmaLinux OS","9.8.20260907","me-central-1","ami-052dc0244ccb1c8e4","x86_64"
"AlmaLinux OS","9.8.20260907","me-central-1","ami-0e2b910fb3583922f","aarch64"
"AlmaLinux OS","9.8.20260907","mx-central-1","ami-04ddee72e5db259ba","x86_64"
"AlmaLinux OS","9.8.20260907","mx-central-1","ami-034707f7bbd139f76","aarch64"
"AlmaLinux OS","9.8.20260907","sa-east-1","ami-06b76ffd61b67f0c9","x86_64"
"AlmaLinux OS","9.8.20260907","sa-east-1","ami-01cc9043f3397d83f","aarch64"
"AlmaLinux OS","9.8.20260907","us-east-1","ami-06c917820770b2cdc","x86_64"
"AlmaLinux OS","9.8.20260907","us-east-1","ami-0fb917d2c555dd9ab","aarch64"
"AlmaLinux OS","9.8.20260907","us-east-2","ami-063579be95efcb972","x86_64"
"AlmaLinux OS","9.8.20260907","us-east-2","ami-018af9a251d4c4cee","aarch64"
"AlmaLinux OS","9.8.20260907","us-west-1","ami-099fdfacd58183013","x86_64"
"AlmaLinux OS","9.8.20260907","us-west-1","ami-0187f44b71d291c72","aarch64"
"AlmaLinux OS","9.8.20260907","us-west-2","ami-0e770d6e5f80d8f7b","x86_64"
"AlmaLinux OS","9.8.20260907","us-west-2","ami-0c859bf34d4987777","aarch64"
"AlmaLinux OS","8.10.20260928","af-south-1","ami-0b3792330f8635dcf","x86_64"
"AlmaLinux OS","8.10.20260928","af-south-1","ami-040630b513fa8b76c","aarch64"
"AlmaLinux OS","8.10.20260928","ap-east-1","ami-0f479de5a1ec5acbc","x86_64"
"AlmaLinux OS","8.10.20260928","ap-east-1","ami-0b66fe98ce304a4be","aarch64"
"AlmaLinux OS","8.10.20260928","ap-northeast-1","ami-05e7321272d04f6aa","x86_64"
"AlmaLinux OS","8.10.20260928","ap-northeast-1","ami-07bae46a786245b42","aarch64"
"AlmaLinux OS","8.10.20260928","ap-northeast-2","ami-06b24cf3215a43c6d","x86_64"
"AlmaLinux OS","8.10.20260928","ap-northeast-2","ami-017a3364d0d22c305","aarch64"
"AlmaLinux OS","8.10.20260928","ap-northeast-3","ami-0e6279f8a13d39a60","x86_64"
"AlmaLinux OS","8.10.20260928","ap-northeast-3","ami-0a0b762e67c6bdaeb","aarch64"
"AlmaLinux OS","8.10.20260928","ap-south-1","ami-0d2e39d09883ac2d3","x86_64"
"AlmaLinux OS","8.10.20260928","ap-south-1","ami-055872c1099ecc69c","aarch64"
"AlmaLinux OS","8.10.20260928","ap-south-2","ami-0279c7dff79a29c0c","x86_64"
"AlmaLinux OS","8.10.20260928","ap-south-2","ami-00949b969c73ac58a","aarch64"
"AlmaLinux OS","8.10.20260928","ap-southeast-1","ami-00bad152bc26780df","x86_64"
"AlmaLinux OS","8.10.20260928","ap-southeast-1","ami-0cfae4580fca0db19","aarch64"
"AlmaLinux OS","8.10.20260928","ap-southeast-2","ami-07b89fb8b0b810e54","x86_64"
"AlmaLinux OS","8.10.20260928","ap-southeast-2","ami-07a10702313f89774","aarch64"
"AlmaLinux OS","8.10.20260928","ap-southeast-3","ami-020a6ee9e31be71c0","x86_64"
"AlmaLinux OS","8.10.20260928","ap-southeast-3","ami-0f8e28d6368fb9a88","aarch64"
"AlmaLinux OS","8.10.20260928","ap-southeast-4","ami-07a39e063278aa427","x86_64"
"AlmaLinux OS","8.10.20260928","ap-southeast-4","ami-0c15a06fe97c62067","aarch64"
"AlmaLinux OS","8.10.20260928","ap-southeast-5","ami-083bb108c50e9cb62","x86_64"
"AlmaLinux OS","8.10.20260928","ap-southeast-5","ami-0d31e42e169ff66eb","aarch64"
"AlmaLinux OS","8.10.20260928","ap-southeast-7","ami-0c7b8629b3e32b4b6","x86_64"
"AlmaLinux OS","8.10.20260928","ap-southeast-7","ami-041ca8fbf7ad2fb44","aarch64"
"AlmaLinux OS","8.10.20260928","ca-central-1","ami-0d9d30a96a6ce1e90","x86_64"
"AlmaLinux OS","8.10.20260928","ca-central-1","ami-0d43e7d9656ae0f0d","aarch64"
"AlmaLinux OS","8.10.20260928","ca-west-1","ami-09a3d66cb317bb59f","x86_64"
"AlmaLinux OS","8.10.20260928","ca-west-1","ami-0a905133a56067802","aarch64"
"AlmaLinux OS","8.10.20260928","eu-central-1","ami-04c882d9219d2aeea","x86_64"
"AlmaLinux OS","8.10.20260928","eu-central-1","ami-0b25ef8c5d06189f6","aarch64"
"AlmaLinux OS","8.10.20260928","eu-central-2","ami-0eed68f69589565ac","x86_64"
"AlmaLinux OS","8.10.20260928","eu-central-2","ami-063ed81098253ccb8","aarch64"
"AlmaLinux OS","8.10.20260928","eu-north-1","ami-00575b780eea22393","x86_64"
"AlmaLinux OS","8.10.20260928","eu-north-1","ami-054255f090b0d9c66","aarch64"
"AlmaLinux OS","8.10.20260928","eu-south-1","ami-0558a8288d0d2dade","x86_64"
"AlmaLinux OS","8.10.20260928","eu-south-1","ami-02a44b1df1e546449","aarch64"
"AlmaLinux OS","8.10.20260928","eu-south-2","ami-0e29b8eab84dce19a","x86_64"
"AlmaLinux OS","8.10.20260928","eu-south-2","ami-011ae86086e53a200","aarch64"
"AlmaLinux OS","8.10.20260928","eu-west-1","ami-06387704bcb0940ba","x86_64"
"AlmaLinux OS","8.10.20260928","eu-west-1","ami-0b4eb86d71e6ef2ad","aarch64"
"AlmaLinux OS","8.10.20260928","eu-west-2","ami-069a2c89fc27542ea","x86_64"
"AlmaLinux OS","8.10.20260928","eu-west-2","ami-08895da2a6d4ef206","aarch64"
"AlmaLinux OS","8.10.20260928","eu-west-3","ami-0f361125f504ca8d9","x86_64"
"AlmaLinux OS","8.10.20260928","eu-west-3","ami-0faf6ff403580a250","aarch64"
"AlmaLinux OS","8.10.20260928","il-central-1","ami-0c3459e4dbfd889c3","x86_64"
"AlmaLinux OS","8.10.20260928","il-central-1","ami-0d6c08220fc0c5476","aarch64"
"AlmaLinux OS","8.10.20260928","me-central-1","ami-0f3b14711cd996747","x86_64"
"AlmaLinux OS","8.10.20260928","me-central-1","ami-03d89fe1fcb70e16a","aarch64"
"AlmaLinux OS","8.10.20260928","mx-central-1","ami-086454c8cda1d73f2","x86_64"
"AlmaLinux OS","8.10.20260928","mx-central-1","ami-06751de3553e53a9e","aarch64"
"AlmaLinux OS","8.10.20260928","sa-east-1","ami-068942ee7bba16f1c","x86_64"
"AlmaLinux OS","8.10.20260928","sa-east-1","ami-08385979fd57cbfcb","aarch64"
"AlmaLinux OS","8.10.20260928","us-east-1","ami-00a29c7dd55ac66cd","x86_64"
"AlmaLinux OS","8.10.20260928","us-east-1","ami-0b4f733026a5ff59a","aarch64"
"AlmaLinux OS","8.10.20260928","us-east-2","ami-0579c38ed7df84a50","x86_64"
"AlmaLinux OS","8.10.20260928","us-east-2","ami-0353a9250600b7b9d","aarch64"
"AlmaLinux OS","8.10.20260928","us-west-1","ami-038f4f1f04061934d","x86_64"
"AlmaLinux OS","8.10.20260928","us-west-1","ami-04d0b55709fe0e2a0","aarch64"
"AlmaLinux OS","8.10.20260928","us-west-2","ami-0326d0407f0b2b3eb","x86_64"
"AlmaLinux OS","8.10.20260928","us-west-2","ami-0fabb47aa266d1d02","aarch64"
